-- phpMyAdmin SQL Dump
-- version 5.1.1
-- https://www.phpmyadmin.net/
--
-- Servidor: 127.0.0.1
-- Tiempo de generación: 23-05-2022 a las 03:42:16
-- Versión del servidor: 10.4.19-MariaDB
-- Versión de PHP: 8.0.7

SET SQL_MODE = "NO_AUTO_VALUE_ON_ZERO";
START TRANSACTION;
SET time_zone = "+00:00";


/*!40101 SET @OLD_CHARACTER_SET_CLIENT=@@CHARACTER_SET_CLIENT */;
/*!40101 SET @OLD_CHARACTER_SET_RESULTS=@@CHARACTER_SET_RESULTS */;
/*!40101 SET @OLD_COLLATION_CONNECTION=@@COLLATION_CONNECTION */;
/*!40101 SET NAMES utf8mb4 */;

--
-- Base de datos: `bdalquilerdevehiculos`
--

DELIMITER $$
--
-- Procedimientos
--
CREATE DEFINER=`root`@`localhost` PROCEDURE `sp_delete_cliente` (IN `id` VARCHAR(5))  BEGIN
	DELETE FROM cliente  WHERE IDcliente=id;
END$$

CREATE DEFINER=`root`@`localhost` PROCEDURE `sp_delete_empleado` (IN `idem` CHAR(5))  BEGIN
	DELETE FROM empleado  WHERE IDempleado=idem;
END$$

CREATE DEFINER=`root`@`localhost` PROCEDURE `sp_delete_factura` (`codf` VARCHAR(20))  BEGIN
	DELETE FROM factura  WHERE codfactura=codf;
END$$

CREATE DEFINER=`root`@`localhost` PROCEDURE `sp_delete_vehiculo` (IN `p` VARCHAR(10))  BEGIN
	DELETE FROM vehiculo  WHERE placa=p;
END$$

CREATE DEFINER=`root`@`localhost` PROCEDURE `sp_insert_cliente` (IN `DNIcliente` VARCHAR(8), IN `IDempleado_1` CHAR(11), IN `contraseña` VARCHAR(30), IN `nombre` VARCHAR(30), IN `apellidos` VARCHAR(30), IN `telefono` VARCHAR(12), IN `direccion` TEXT, IN `tipo_de_cliente` VARCHAR(8))  BEGIN 
	DECLARE n int;
	DECLARE id CHAR(5);
	set n=(select count(IDcliente)from cliente);
	set id=concat('c',LPAD(n+1,4,'0'));
	INSERT INTO cliente(IDcliente,DNIcliente,IDempleado_1,contraseña,nombre,apellidos,telefono,direccion,tipo_de_cliente)         VALUES(id,DNIcliente,IDempleado_1,contraseña,nombre,apellidos,telefono,direccion,tipo_de_cliente);
END$$

CREATE DEFINER=`root`@`localhost` PROCEDURE `sp_insert_empleado` (IN `contraseña` VARCHAR(30), IN `IDcargo_1` CHAR(10), IN `IDsalario_1` CHAR(10), IN `DNI` VARCHAR(8), IN `nombre` VARCHAR(30), IN `apellidos` VARCHAR(30), IN `telefono` VARCHAR(9), IN `direccion` TEXT)  BEGIN 
	DECLARE n int;
	DECLARE id CHAR(10);
	set n=(select count(IDempleado)from empleado);
	set id=concat('e',LPAD(n+1,4,'0'));
	INSERT INTO empleado(IDempleado,contraseña,IDcargo_1,IDsalario_1,DNI,nombre,apellidos,telefono,direccion) 
                              VALUES(id,contraseña,IDcargo_1,IDsalario_1,DNI,nombre,apellidos,telefono,direccion);
END$$

CREATE DEFINER=`root`@`localhost` PROCEDURE `sp_insert_factura` (IN `IDcliente_1` VARCHAR(5), IN `forma_pago_1` VARCHAR(10), IN `fecha` DATE, IN `monto` DOUBLE)  BEGIN 
	DECLARE n int;
	DECLARE cod VARCHAR(20);
	set n=(select count(codfactura)from factura);
	set cod=concat('f',LPAD(n+1,4,'0'));
	INSERT INTO factura(codfactura,IDcliente_1, forma_pago_1 , fecha, monto) 
                        VALUES(cod,IDcliente_1, forma_pago_1 , fecha, monto);
END$$

CREATE DEFINER=`root`@`localhost` PROCEDURE `sp_insert_vehiculo` (IN `placa` VARCHAR(10), IN `codestado_1` VARCHAR(18), IN `tipo_vehiculo` VARCHAR(10), IN `asientos` INT(11), IN `marca` VARCHAR(20), IN `color` VARCHAR(10))  BEGIN 
	INSERT INTO vehiculo (placa, codestado_1, tipo_vehiculo, asientos, marca, color) 
                      VALUES(placa, codestado_1, tipo_vehiculo, asientos, marca, color);
END$$

CREATE DEFINER=`root`@`localhost` PROCEDURE `sp_select_cliente` ()  BEGIN
	SELECT * FROM cliente;
END$$

CREATE DEFINER=`root`@`localhost` PROCEDURE `sp_select_empleado` ()  BEGIN
	SELECT * FROM empleado;
END$$

CREATE DEFINER=`root`@`localhost` PROCEDURE `sp_select_factura` ()  BEGIN
	SELECT * FROM factura;
END$$

CREATE DEFINER=`root`@`localhost` PROCEDURE `sp_select_vehiculo` ()  BEGIN
	SELECT * FROM vehiculo;
END$$

DELIMITER ;

-- --------------------------------------------------------

--
-- Estructura de tabla para la tabla `cargo`
--

CREATE TABLE `cargo` (
  `IDcargo` char(10) NOT NULL,
  `cargo` varchar(40) NOT NULL,
  `descripcion` varchar(40) NOT NULL
) ENGINE=InnoDB DEFAULT CHARSET=utf8mb4;

--
-- Volcado de datos para la tabla `cargo`
--

INSERT INTO `cargo` (`IDcargo`, `cargo`, `descripcion`) VALUES
('1', 'jefe', 'responsable de la empresa'),
('2', 'recepcionista', 'atiende a los clientes'),
('3', 'seguridad', 'mantener el orden en el área asignada'),
('4', 'operario de limpieza', 'mantener las áreas limpias');

-- --------------------------------------------------------

--
-- Estructura de tabla para la tabla `cliente`
--

CREATE TABLE `cliente` (
  `IDcliente` varchar(5) NOT NULL,
  `DNIcliente` varchar(8) NOT NULL,
  `IDempleado_1` char(5) NOT NULL,
  `contraseña` varchar(30) NOT NULL,
  `nombre` varchar(30) NOT NULL,
  `apellidos` varchar(30) NOT NULL,
  `telefono` varchar(12) NOT NULL,
  `direccion` text NOT NULL,
  `tipo_de_cliente` varchar(8) NOT NULL
) ENGINE=InnoDB DEFAULT CHARSET=utf8mb4;

--
-- Volcado de datos para la tabla `cliente`
--

INSERT INTO `cliente` (`IDcliente`, `DNIcliente`, `IDempleado_1`, `contraseña`, `nombre`, `apellidos`, `telefono`, `direccion`, `tipo_de_cliente`) VALUES
('c0001', '74968016', 'e0005', 'qazwsx', 'Cesar Kenji', 'Vallejo Llosa', '928886110', 'Av Champanat 245-sullana-Piura', '1'),
('c0002', '74968011', 'e0005', 'wsxcde', 'Alipio', 'cordova alestar', '12345687', 'sullana piura', '1'),
('c0003', '74968012', 'e0005', 'yhng', 'Angie', 'Carhuapoma Chinguel ', '123455', 'Sullana', '1'),
('c0004', '74968013', 'e0005', 'ytgbhn', 'Alicia alexa', 'Benites Feria', '12345412', 'sullana piura', '1'),
('c0005', '74968014', 'e0005', 'qwerty', 'Lizeth', 'García Adrianzén', '920664751', 'Av Girasoles 301-Piura', '1'),
('c0006', '74968015', 'e0005', 'uiopas', 'Alondra ', 'Velasquez Zurita', '928886119', 'Av Grau 124-Piura', '1'),
('c0007', '74968017', 'e0005', 'dfghjk', 'Karla', 'Rueda Palacios', '928886117', 'Apurimac 23-Bellavista-Sullana', '1'),
('c0008', '74968018', 'e0005', 'bnmqwe', 'Aurora ', 'Meltrozo Facundo', '928886115', 'Nueva Esperaza S/N- Huancabamba-Piura', '1'),
('c0009', '74968019', 'e0005', 'rtyuio', 'Ada Yohana', 'Ocaña Saucedo', '928886114', 'El Puente 12-Huancabamba-Piura', '2'),
('c0010', '74968010', 'e0005', 'pasdfg', 'Soyla', 'Baca Del Campo', '928886113', 'Av Caceres 345-Piura', '1'),
('c0011', '74968100', 'e0005', 'hjklñz', 'Rigoberto', 'Maldini Collazos', '928886112', 'Las Lomas 234-Piura', '1'),
('c0012', '74968111', 'e0005', 'xcvbnm', 'Noé ', 'Acuña Castillo', '928886111', 'Ricardo Palma 523-Castilla- Piura', '2');

-- --------------------------------------------------------

--
-- Estructura de tabla para la tabla `clientes-vehiculo`
--

CREATE TABLE `clientes-vehiculo` (
  `IDcliente_2` varchar(5) NOT NULL,
  `placa_1` varchar(10) NOT NULL
) ENGINE=InnoDB DEFAULT CHARSET=utf8mb4;

--
-- Volcado de datos para la tabla `clientes-vehiculo`
--

INSERT INTO `clientes-vehiculo` (`IDcliente_2`, `placa_1`) VALUES
('c0001', 'ASDF-43'),
('c0002', 'CFKT-74'),
('c0003', 'CFUH-100'),
('c0004', 'EDCVF-5'),
('c0005', 'HYTR-34'),
('c0006', 'MNBV-54'),
('c0007', 'NCHR-00'),
('c0008', 'OPLD-45'),
('c0009', 'QWER-45'),
('c0010', 'THBG-11'),
('c0011', 'THMG-98'),
('c0012', 'XDLM-56');

-- --------------------------------------------------------

--
-- Estructura de tabla para la tabla `detalle de factura`
--

CREATE TABLE `detalle de factura` (
  `codfactura` varchar(20) NOT NULL,
  `cantidad de vehiculos` int(11) NOT NULL,
  `banco` varchar(30) NOT NULL,
  `CCI` varchar(20) DEFAULT NULL
) ENGINE=InnoDB DEFAULT CHARSET=utf8mb4;

--
-- Volcado de datos para la tabla `detalle de factura`
--

INSERT INTO `detalle de factura` (`codfactura`, `cantidad de vehiculos`, `banco`, `CCI`) VALUES
('f0001', 1, '---', '---'),
('f0002', 1, '---', '---'),
('f0003', 1, '---', '---'),
('f0004', 1, 'Banco de la Nación', '80100111001256189998'),
('f0005', 1, 'BBVA Continental ', '01126700010007836023'),
('f0006', 1, '---', '---'),
('f0007', 1, 'Caja Piura', '01864600064603058700'),
('f0008', 1, 'Banco de la Nación', '12468902391234698120'),
('f0009', 1, 'Banco Interbank', '85736109216732187315'),
('f0010', 1, 'Banco Scontiabank', '00835920369067976313');

-- --------------------------------------------------------

--
-- Estructura de tabla para la tabla `empleado`
--

CREATE TABLE `empleado` (
  `IDempleado` char(5) NOT NULL,
  `contraseña` varchar(30) NOT NULL,
  `IDcargo_1` char(10) NOT NULL,
  `IDsalario_1` char(10) NOT NULL,
  `DNI` varchar(8) NOT NULL,
  `nombre` varchar(30) NOT NULL,
  `apellidos` varchar(30) NOT NULL,
  `telefono` varchar(9) NOT NULL,
  `direccion` text NOT NULL
) ENGINE=InnoDB DEFAULT CHARSET=utf8mb4;

--
-- Volcado de datos para la tabla `empleado`
--

INSERT INTO `empleado` (`IDempleado`, `contraseña`, `IDcargo_1`, `IDsalario_1`, `DNI`, `nombre`, `apellidos`, `telefono`, `direccion`) VALUES
('e0001', 'qazwsx', '1', '1', '74968016', 'Pier Jesús', 'Chamba Coloma', '987654321', 'Av Prado 321-Piura'),
('e0002', 'edcrfv', '2', '2', '72218712', 'María Nelida', 'Coloma Chinguel', '928886118', 'Av Robles 124-Piura'),
('e0003', 'tgbyhn', '3', '3', '74873225', 'Alicia Pierina', 'Benites Feria', '959263815', 'AAHH La Primavera Mz N Lt 3- Castilla-Pi'),
('e0004', 'ujmiko', '4', '4', '74873226', 'Luisa Hellary', 'Valdiviezo Cargoza', '999412670', 'Madre de Dios 240-Bellavista-Sullana-Piu'),
('e0005', 'qwerty', '2', '2', '03201530', 'Medardo Dennis', 'Chinguel Chinguel', '920664750', 'Av Piura 113-Palambla-Canchaque-Piura'),
('e0006', 'asdfgh', '3', '3', '74968014', 'Rosa Nelida', 'Rojas Huayama', '927523159', 'Nuevo Porvenir 301-Sondorio-Huancabamba-Piura'),
('e0007', 'zxcvbn', '4', '4', '03205525', 'Marco Yan Poll', 'Benites Juarez', '989954094', 'Pampa Alegre 34-San Miguel del Faique-Huancabamba-Piura');

-- --------------------------------------------------------

--
-- Estructura de tabla para la tabla `empresa`
--

CREATE TABLE `empresa` (
  `id` int(11) NOT NULL,
  `nombre` varchar(30) NOT NULL,
  `logo` blob NOT NULL,
  `rubro` varchar(30) NOT NULL
) ENGINE=InnoDB DEFAULT CHARSET=utf8mb4;

--
-- Volcado de datos para la tabla `empresa`
--

INSERT INTO `empresa` (`id`, `nombre`, `logo`, `rubro`) VALUES
(1, 'HENEJHAcar', 0x89504e470d0a1a0a0000000d49484452000000f90000009d0806000000762adedc000001376943435041646f6265205247422028313939382900002891958fbf4ac3501487bf1b45c5a15608e2e0702751506cd5c18c495b8a2058ab4392ad49439562126eae7ffa108e6e1d5cdc7d022747c141f1097c03c5a98343840c058bdff49ddf391cce01a362d79d865186f358ab76d391aee7cbd917669802804e98a576ab7500102771c418dfef0880d74dbbee34c6fb7f321fa64a032360bb1b6521880ad0bfd2a9063104cca09f6a100f80a94eda35104f40a997fb1b500a72ff004acaf57c105f80d9733d1f8c39c00c725f014c1d5d6b805a920ed459ef54cbaa6559d2ee2641248f07998ece33b91f87894a13d5d15117c8ef0360311f6c371db956b5acbdf57ffe3d11d7f3656e9f4708402c3d17594178a12e7f55183b93eb62c770190eef617a5464bb3770b7010bb745b65a85f2163c0e7f00c0c64ffdf3533fc8000000097048597300000b1300000b1301009a9c1800000a5e69545874584d4c3a636f6d2e61646f62652e786d7000000000003c3f787061636b657420626567696e3d22efbbbf222069643d2257354d304d7043656869487a7265537a4e54637a6b633964223f3e203c783a786d706d65746120786d6c6e733a783d2261646f62653a6e733a6d6574612f2220783a786d70746b3d2241646f626520584d5020436f726520362e302d633030322037392e3136343438382c20323032302f30372f31302d32323a30363a35332020202020202020223e203c7264663a52444620786d6c6e733a7264663d22687474703a2f2f7777772e77332e6f72672f313939392f30322f32322d7264662d73796e7461782d6e7323223e203c7264663a4465736372697074696f6e207264663a61626f75743d222220786d6c6e733a786d703d22687474703a2f2f6e732e61646f62652e636f6d2f7861702f312e302f2220786d6c6e733a70686f746f73686f703d22687474703a2f2f6e732e61646f62652e636f6d2f70686f746f73686f702f312e302f2220786d6c6e733a64633d22687474703a2f2f7075726c2e6f72672f64632f656c656d656e74732f312e312f2220786d6c6e733a786d704d4d3d22687474703a2f2f6e732e61646f62652e636f6d2f7861702f312e302f6d6d2f2220786d6c6e733a73744576743d22687474703a2f2f6e732e61646f62652e636f6d2f7861702f312e302f73547970652f5265736f757263654576656e74232220786d6c6e733a73745265663d22687474703a2f2f6e732e61646f62652e636f6d2f7861702f312e302f73547970652f5265736f75726365526566232220786d6c6e733a746966663d22687474703a2f2f6e732e61646f62652e636f6d2f746966662f312e302f2220786d6c6e733a657869663d22687474703a2f2f6e732e61646f62652e636f6d2f657869662f312e302f2220786d703a43726561746f72546f6f6c3d2241646f62652050686f746f73686f702032322e30202857696e646f7773292220786d703a437265617465446174653d22323032312d30392d30315432323a30323a33312d30353a30302220786d703a4d65746164617461446174653d22323032312d31302d30355432323a35313a31382d30353a30302220786d703a4d6f64696679446174653d22323032312d31302d30355432323a35313a31382d30353a3030222070686f746f73686f703a436f6c6f724d6f64653d2233222070686f746f73686f703a49434350726f66696c653d2241646f62652052474220283139393829222064633a666f726d61743d22696d6167652f706e672220786d704d4d3a496e7374616e636549443d22786d702e6969643a32343739353266392d313835322d643434332d386463642d3363396464373237316337392220786d704d4d3a446f63756d656e7449443d2261646f62653a646f6369643a70686f746f73686f703a62366562363436382d323232312d653234632d383263322d3639366363613130323639362220786d704d4d3a4f726967696e616c446f63756d656e7449443d22786d702e6469643a66316365336331632d383762392d643634652d386532662d6238316131363961656665622220746966663a4f7269656e746174696f6e3d22312220746966663a585265736f6c7574696f6e3d223732303030302f31303030302220746966663a595265736f6c7574696f6e3d223732303030302f31303030302220746966663a5265736f6c7574696f6e556e69743d22322220657869663a436f6c6f7253706163653d2236353533352220657869663a506978656c5844696d656e73696f6e3d223233372220657869663a506978656c5944696d656e73696f6e3d22313730223e203c70686f746f73686f703a546578744c61796572733e203c7264663a4261673e203c7264663a6c692070686f746f73686f703a4c617965724e616d653d2248454e454a4841636172222070686f746f73686f703a4c61796572546578743d2248454e454a4841636172222f3e203c2f7264663a4261673e203c2f70686f746f73686f703a546578744c61796572733e203c786d704d4d3a486973746f72793e203c7264663a5365713e203c7264663a6c692073744576743a616374696f6e3d2263726561746564222073744576743a696e7374616e636549443d22786d702e6969643a66316365336331632d383762392d643634652d386532662d623831613136396165666562222073744576743a7768656e3d22323032312d30392d30315432323a30323a33312d30353a3030222073744576743a736f6674776172654167656e743d2241646f62652050686f746f73686f702032322e30202857696e646f777329222f3e203c7264663a6c692073744576743a616374696f6e3d227361766564222073744576743a696e7374616e636549443d22786d702e6969643a38623966393031662d386230382d333634352d383937302d313062313464383735306631222073744576743a7768656e3d22323032312d31302d30355432323a35313a31382d30353a3030222073744576743a736f6674776172654167656e743d2241646f62652050686f746f73686f702032322e30202857696e646f777329222073744576743a6368616e6765643d222f222f3e203c7264663a6c692073744576743a616374696f6e3d22636f6e766572746564222073744576743a706172616d65746572733d2266726f6d206170706c69636174696f6e2f766e642e61646f62652e70686f746f73686f7020746f20696d6167652f706e67222f3e203c7264663a6c692073744576743a616374696f6e3d2264657269766564222073744576743a706172616d65746572733d22636f6e7665727465642066726f6d206170706c69636174696f6e2f766e642e61646f62652e70686f746f73686f7020746f20696d6167652f706e67222f3e203c7264663a6c692073744576743a616374696f6e3d227361766564222073744576743a696e7374616e636549443d22786d702e6969643a32343739353266392d313835322d643434332d386463642d336339646437323731633739222073744576743a7768656e3d22323032312d31302d30355432323a35313a31382d30353a3030222073744576743a736f6674776172654167656e743d2241646f62652050686f746f73686f702032322e30202857696e646f777329222073744576743a6368616e6765643d222f222f3e203c2f7264663a5365713e203c2f786d704d4d3a486973746f72793e203c786d704d4d3a4465726976656446726f6d2073745265663a696e7374616e636549443d22786d702e6969643a38623966393031662d386230382d333634352d383937302d313062313464383735306631222073745265663a646f63756d656e7449443d2261646f62653a646f6369643a70686f746f73686f703a34646236343436622d343565332d643834362d623639372d353236316562613663313336222073745265663a6f726967696e616c446f63756d656e7449443d22786d702e6469643a66316365336331632d383762392d643634652d386532662d623831613136396165666562222f3e203c2f7264663a4465736372697074696f6e3e203c2f7264663a5244463e203c2f783a786d706d6574613e203c3f787061636b657420656e643d2272223f3e155c44f3000032cd49444154789ced9d777c1465fec7dfb335bd77420bbd17114104543ca5889ce29d6241cfb39c87e5f01a77eacf53cf76dec959d0b3a2e8796043050f380445401042110835104249ef9bdd6cb6ccfcfe7866438094cd66934d36f37ebde695b23b33cfcece679ee7f93edf22298a424394966537f87f8d762501480192d49f89f5b66820128850b718201408a9b77f2460507f7701967aafd9811aa002a856370b500914d7db0a8022f567895f3f9d468b898febdbe27d0ccdbf45a30d3101fd81414006d00be8a1feec8d10adbf3000b1ad3c460d9003e4aadb71e0187000380c385a797c8d36401379fba003fa02a3819108510f4208b9337d07a1c060753b171742f4fb11a2df0dec04b201b97d9aa7d11092365c6f137a009700170217002380a880b6287054013f023b804c60237022a02deac468c3f5c02001c38089c00484b8bb07b4451d8b28c4b59958ef7fa71062ff1ef80ed80b34dcdb68b41aad27f78d74602af013e03284214cc3770a81af81b5ea9617d8e6745c7ce9c935917b871e1807cc04a6237a6e8db6632ff05f6005b0157007b6391d074de4fec5005c0ecc067e8a58c6d2687f8a80cf814f81f508035f97451379eb9180f1c04dc0cfd084ddd128063e023e04b6d005e7f19ac87da70f70073007b1aca5d1f1c901fe03bc031c0d705bda0d4de42dc38c1886df8518964b016d8d86af288861fc9b88617d6d405bd3c6684b68ded113b80fb80dcd2a1e0c48c014752b0696002f233cf234109e585d858b11f3b9a3c0efd0041e8c2402bf457cc71f21bef32e4fb08b5c075c8f5886d98c30a6e903da228df6408ff8ae3723befbeb09fe7bbd5182f5831b10c3f12ce063e0a2c0364723805c84b807b210f744979ba2069be14d07dc023c8a0808096adcb242a5c54a85a5863d05460e149462cb39010699e20a273687938aca6a6424d01b0931198832e8498a09c768d2119e1c4b9fd478867437131311425a5c44a03f527b900d3c097c40270c9ce9ead6f519c073c0904037a43db86fd17fc9cdaea6c85ac6d1fc4a70474168041875a0af85c22ad08580d9043a1d483a702a60774242089824a8b141ad15f43a12632219961c479fa1bdb9a0a781d1194964a42704fa63b625fb8005c057816e484be8aa221f073c035c1ae076b4193f1e3acd0f078fb376671e8fdc76392332e27966d966fef1fc7ac8e80fe10ac82e40078a02065938822a3a84f15912afe1069d1bf43ab50fd38b9fb20c3617184de012c24f0b0b61f0f00cc60e8ce3ca21a90cec9388c11894e68c6f813f21e6ee1d9eae26f254e0ef080796a05be33e515ac3ee3d392c5cbe97c3c7cba9d519a1b28a31177767f553d703306ceedbe4179b2135145ce580196403e8649024d51f4c12625714f1b7220132488aaa7f59bc47e706c90d8a1108157962ec95e074d24357c3779fde8bc96ca6c862273d36a4e146775e148463cdef80fc00b7a5497c11796734bc1910cb248711eea74125f04385b53cf7c15626ffea5dee58b89ebd27aaa98d8a87e804e89141e6961c36ec2d02e09f7fbc06dc2560b78bdbd4a508714b32286ec00d8a536cb8407281c1010637e855a17b6e01450fee10d1ab3bab21c40e691110a3a7e7a82144849bc93a59ced4fbdfe5d137bf21eb447980ae509b2021eea5c3887bcb18d8e6f897ce26f2498804047f47e4350b1a8ee69533ff956f99fedb0f78fe831d58dc2190900cb121a0b3836c01c906a608ee7b7a398a0253862472e9c57de064219823416714dfa8ac17a2450f9241fc4fa7a8dfb63a7c5774e2754502b75e8c00f47a710cbd1edc0a2835602f62c6e43e001c399547c1fe1a5efbe234573ff46f1e7b672739791501ba626d4204e2deda0d4c0e6c53fc4767117924f00a62fed450eaa14ecbc98a5a1e7ff73baeb8ff3ddeff6a3f95361da4c64384199c2e70b9d4de5902a7139212c9cfb1f2f6da53002cfacd55e8c3f450e5100f03b745bc17450cd1f16c20c46d103f2519243be86d60b280de0aae5a314757cca093c0aa101a1ec9a4613100acff210792c220350a8b14c1a28f7732e381c5bcb8ec078e95069537e960e01b6011e2deebd47406915f09ec01e6114443735956f8e4bbc34c7de83d5efe643716633224c743840e5c4ea14bd921ace28a2c44a9d781540bc931fcf58d559455bb498e3171efdc71505002fa70c020f6f13c183cc2560cea7cdcadcecf25504ce00e056704c861a07382a49e5be7821a3dc9e644faa4c6526173f1ed812a883081ad1c424d901a4a91319e27dfdec5b4bb5ee2b34d87037a4dfd8c04fc1a71ef5d19e0b6b48a8e2cf230e0356035227b69d070b2a49a1b1efe847b9ffd8ac2921a884b813033c86e3127064497ea194a9b4056a789921d1243a83e5dc2534b360230ffa71790d83d12cadc608c54e7e14abd4edcd3932b625eae7309239b24abfff39cd328cea997c01402960aa64ce88f5e27917dba144b59058484835ef527714a62c9ae5b0ca58e78eefecb0aee7b790db9a5b636bf86ed482fc43df81ae29eec747454910f03b601bf22887a6f80655fefe1ba059ff0cdf62294841e109b02b2026e27c2eaadbe51d281517fc63f4b41f4c66e13d4baa1772f96acdccdd1fc2aa2c30d3c77ef64a8c8452c8b7904ec16c7546455d492b09ecb4631675714717cbd5bf4e2e8c4434671815b07217aa68c4a0160cb9e53d4da5da24d75737af5a7d30d4951d0ad2f4bbfcae1eafb3f64d9969cf6bcac6d8d84b817b7d309b3027534914b8861f93682cca9c5e5967966c966e63db1929c8a50e891045884a8f4b2dafbcaea505b0f18c06900b73a77d6d580bb463c1000c24351e4487effca3a14e0ea09fdc8e89f06c70b450f6b93c1ae88df3182140606b3fa8dcb6030002670ea400e11e29754639ce40259029d93117d6200f876c771308781ac8e12ea9e467a61a57755015648ee41bec5ccbc873fe0f9a59bb0d50655e6a6c1887bf33e3a51e7d391441e8158ab7c85b3ab80747a8a2db55cfbd0bbfce393fdd07b8898773babd4252c17b8edc2994502d1b5aa8e2b9203f48a181eeb43c11cadae5f0315a5203bf8ee876c5ef964233a09de7df45a1222acc49964e24215e2cc6e2275b5981d1674d5a550560825c5e0b083d5064e87f07c939c8043885732804107e5655c382095e4d830caad4e769db2813944f4f2286adbd5a1be4e06251c5c067097418202293d79eebdbddcf9d8e7945b83ca28178208655d4a2759e1e928cefa7d80e574c2a150739ccaab64f6132b387aa814ba0f001ce0a8029d1e51404516c2923c5e6912e0143f0c7ad1d356db85e5dc65a35b5c048911466233d218d9378361d1b5984d624e3db847246bdeba07a70b24494141a2da66c3526da5bcaa92f22a17fbcaa3397ce810a78e1752e2a8c69a6787c878b16c6696c060029d05a865d268e178b1e7602e55952e888b0257054826b59d2ec42d64a4ce9b4ea7805b02a301e213f8dfd65cae7ff03dde7de697744f0c2a8fb99f230a645c4b07cf4cd311443e1591b3abb5257c3a1c36ab9d1be7ff8ba3b966183d10aa0ac55cd810a93aacb8845fb92223046e14e2b056436d0d38dd449a6140af44868fce60dad048fa764f243d311a496a78b4d833f9dccea5a1cea61f15163b056595acda53caa163056cdfbc8b5365126e22212412e410460d4c0320f3d00990ade08a02254c8819bb9a43d520842dd58879bf1c025228c835400df4edcb8fb939dcf2e05b2cfafbed0c4d33fbebf276048621e6e93703ab02dc964609b45beb7dc03f09c2186f5956902489afb71d63ceffad12ce2a492160b78214aebe4bb5424b7a308440550dd45a898c30303c3d9a4b2feac3cf2766101f134988b96d9fc7e56595acdb5fc6a60379ac597300bbd3c18f4bef262ad4c09447d7f363e64e48ea0e4e5958df71a9cb72086b7dddcc4f1dc62b1e9f79374484404e01a126275fbc7407a37bc7b4e96709006ee03788a9669bd2997cd775c042e081b63c49a0d8b8bf80d7dffb960f9ebb1180753f9632e7376f2387f5846403384b55eb74244866b05582ad8ce43803b3a70c63c6a523b8282370039b634595e4145ab974481aa74b6c8cfef962484d840827386ac0152a7a6b9d53d80de4864c3baa8fbce2008c608a8693f9841b2a59f5e67d0c4eef94ab51cdf112309f360c61ed2c223721f270ddd05627082439c5354c9fb798e263b55c7659321f3f7f1300eb7f2ce08607df46894a86946870bba1d2053699b8281bf75d3f9ad9970fa15b5c783367685faa2b6bb9f9c90fd9bca7188c11109708060514bbea2bdfd4084302974ee85d5f0ba650385e467c82c2ea4577d03b21a886ee1e96017369a30aaf9d41e4a1c067887978d051522d73f97d6f92976f871e03212f8729c3c2f9d75f6e263644c79a6d39dcfee817384de9205b883455306ff6186e9c3e86f4387f5629f63fcbbecfe6dd65996cdf5d0009d1106d042762c82e35b64ca6089f780c60b0a88e380970b2989e29b56c7aeb5e42db781a12205603d7214a3dfb958e2ef230e04b4456cda0430166fd7e19dfef2c848c44a8b501d15051c590de7ad6be701b263dacfa218f7bfff4219326f7e7e15f4e66407a74a09bee35d65a37af7eb58f773fda4261990b925240ef02b7ea5f7f16ea7c5c7288e53524e1a68b1e0c46283ac9acf1bd79f5e1d998f59d2e418b37ac03aea1cef0e21f3ab2c8231119382636f7c6ceca13ffd9c94b2fae80014341a9168125a63061543b7c88e11306f2c963d71117aee7c8a90afaa5c704bac93e73aca09aff7be52b56ef2c84b04488d4098fbd3a639bea928b245610f42e904385a79d54239c7fe410c8c9e14ff74de1b7375e18d80fd4766c44642cb2f8eb801d359e3c0c91f43e6805be6a6f252fbdb6167aa6a8eea45162994cb689216af7e1ecf97207af7cf00d40a7163840464a04effce57a9efdfd55182c795054213cea1437e000c9281e6e8a82f8faf5c202af5744908d1b4007ddbaf3cc0b1fb1e56050c5a6d76722e2de0fa895b1ad7b723d620e7e8d3f0ed611b1d4b81975eb2b54d80d901a07357ae17a6ab081de08d5468c2e0bf75cdd8bdfcf9944789829d04df62bdb0ee673ff33ab387ab21a7aa583bb125c12e843c47abadb0de8ce84bf7a1c7e143718cd505c4db8a19aacffcc2322a4233960fa952f1173f456fbf876b49e5c02de238805ae28f0e0abdf505158064971501d2a7a6e73a588e22a078a0eb3e891a9fce59757049dc001c60e4c65e54b373178a0014ee5812e5e649fa1428d5d0711de2a9f898a9315d1d3bb9c90168bb5d8c223afae09d8676807ae41682120feee6d29f2a7119e4041cb37fbf2f872dd3ee83e1cec3a30d688240cfa6838652752aae2df2fdec27517a407baa96d4a6274085ffcfd4e664cee095907401f0fc610e1932f99d4e1bbea93afa829aa1405dc0eb057419fe17cb0e2282bb7e605faa3b425372334d1eeb495c86f43a4bb0d5aec0e995ffded0b91a8c1a8a64c922c622e5ee02239d4c5f2176ee0aa915da3486a6c98897ffd6106d3660f871305608f1473701c080f38b7b0c21b0c6ab8aa01dc912275557539c8322fbebd1c5b4d9b2c2f77141600b7b7f749db62917202f0461b1cb743b178d55eca8a64488903b95ccddc120ef9b5c41a6b58f6e28d0cedd17996c7fc41a851c7ab0f4de33ef97f7cb5620ff44907936aa370abe1b4e51520bb3118ccc444480c9c98c17517f5a077b7147aa44413620eaa1c8a0df13aa2c0c3a6f63aa1bf0d6f3d804c82bc98e0d1bc0a26fefa3f380cb1102a8b048bfa70a806b3e5245fbcf20bc6f40dea4bd024354e853b9f5dc19ab5b99098047215480ec2f52e860f4ee78241ddb8b0471c53c6646030e831e83a4d68b6bf2806c600275aba63a04b179b10952483feee3e71a210477119a4a580c9265c371da150bc9f252fded4a5050e106a9478f57733f859e1528a734f33ea8a315c3f2e858ce41806f64a0a74f33a028988fa6c136923f7d7faf8b3275f8888c4e9122cdb7292790f7f021191901803d92779f20f9773ef8c11816e5a87a1aaba865a7b2d890931816e4a47e59f888016af09e412da34e0413f1dab43b3737f3ec5950e6e18df9dd7ff7a0d58aa21eb24d74ceda909fc1ca22242358137cd83c0f4b63e893f7af2384459d8143fb5a9c3e274c90cbdfe15d252c3f9ef4b77106a947879550e4b5fff8caffefd0031e11dc76854545245416939fb4ed720852560a9b6a293c06cd0a12032b91a8d06f43a3d61111138ab4ae91dad7aa4e925428c7a52e263080911d55035da8c02443ec3326fde1c28dff50f11f5c8829e95db8f71fbc3abc1e1e48a9ff4e5bd3f4ec76c90385d62a55b42e043444f975ac9dc779c4fb617b177673685b56e9c4e055c6ed50d433e3b90c42d9f49016d3088a540d57125cca0d03d2916b35b217d40772eec17c72503121935202d009f2ce8598a971a0a84c867002b5b7cd64eca2ffeb68a159b8f415c3a1c3fc9559724f1e69f66111616d8b8e843a72af868fd7ede5d75086bb51d975127123f86459ca98ba6381189171b48c2a32822e79cc924ca23b9110136e51651fa58af4055291191a1f41e98c6f563d3b878507786f74946dff52ce36dc5d5785146b9bd451e8118a6f768f1593b21051576c6dcbd04bb5e27a2cb8af518e5636c7fef5ed2936302d2a6230535bcf5c926967d7390eaf26a8849819838517e58964530982737246a1a65a59e2825497dcde357eea9708a9a774ebd37144578b0d5ba444d73644cee1a32d2a2b96bea502e18d99f01dd2230ea83d6f7bc3d3881480cd964686a7b2fa13d4c171138c0aa5d05d86d406218b8f45095cf0b4fdc1010819f2ab1f0dab2dd7cf6fd418a0bac10972c82435c55e02c034c223448a77a9a49f50244ea3fd4cfaab0a253f3aea3163b94d43ae68afac0b08b63444482ce80c36ee7607e0dbf7d7b1706e35e32e2f5cc99d8976123fa31203d9cd4d8a04cefd496f4001e45d44af72bbef6e419c07e2028f3f734c47d2ffdc0d2953ba07b3414d819dcd3c4fa976fc5d08e29284baa9d7cf9fd419e7ffb1b8acb258808859868913f1d84086559cd00dbf0f7da2a3c3ee78a221e083a9dc8bfeeac0697111c229d7452b4836943539871c585a42746d2bf5b8cffdb129cd4220a381c6bec0dedd9933f4d171278719593cdfbb221c4201c5f2af3f9eded37b7abc0b71c2ae1a117bee2c8a972088d846e91228acb517bc698563ff8a32df01cd7332a90658431cf0c0649144194cd14596b796f8b8df7bfff9a306ca42747911c13cea0fedd30e226c104988cc2e5d5e9c21417c5f517f7273678434dbdc58cd0d68dfe3ca82f221f85482cdf65387eba8853f9a5909002851524f64d62c605bddaec7c0ea71bbbd34d615915567b2d1f6fcce1dfcb33a9764643729ac892ea748a374b3ace14346c6f64c4bc20147088a8321408d583148aac8452edd273b05ce16061151b7ec813e99c63a3a9b301d85d84985c0ceb99c4b83e7101fa1c1d8a9f03cf01bbfc75405f44fe389da80e943ff86e672e8a6414490eec769eba7b36067deb2e4179951d6b4d2d47f34aa9a971925d666077ee299ca78b28b142b54b26bbb00487d3896273437c0a848780c32a0a0cea4c6786e78d145a68333c23064907c8a0af560b28ea0145b505548b048f21ea7c3f5c0f31b1a2ba8aa7628ccb055109d873b2d9b4ed20e3fa5cdcbe9fa36322014f0033fd75c0968a7c14c2d4dfa5d877ba46dc9855561253c29832c27bffeb32ab93ea4a1b3f1e3bc99e3c07072d50782897a2d315c8461d79d576215a970b42c2c06c06ab5388373a06c242211ad03b44c143b75918c5740ed5601e80e76ddddc1c6189976544e882592dd08848e0e8d681cb4c5d65553d620eafb8ceaccfbb6a20268ec5ffcde28e9963888b08bec41a3e3003a135bff4e62d15f91fe962bd78995566ff896ab1be5c56c1ec1b8611dd8c675b89c5c1ffb664b16ee771b6e5ca9415d7e0b45b914f9d82e848888f85d26ad1b3c5448bf86a59153692704a912475194b15b3cb2d7eea033034f7f4dc9ea536451d3d188c502b83cb0435a560ad149fcfe906730498c3c1e838b38f22a9a30fd4aaaa12b86d101543e1e952366c3fc4b597055d393c5f90105af3cbdcbc2522ef01ccf6c7493b13b535351ccd2b8184788cf9b9cc9cd8bfc1f7d5385c7cb32d8f755b32f934b3009b1c856c7542751121d1a18c1ad9878b7f359d81a6324c7a89757946b2f71c64efbea3d41a22202e41edfd507b3b3728a63339cddd207c51d5a52cb79176998b2b8884188aac565ed589924e920e4a0a4934b9894f4de5828baf626a1f13267735ebb26dec39662167cf410a0baa20251d42c3459a6a5951a71a80bb56ad92ea808818defafa08d74c1eaa39d808662334d7e270d4736989c87fddc2f70705953617d43aa1bc86f8a4282eea9f7cd6ebb52e99256b7ee48de51b395e928a4209841ba04a223adecc9c9f0ee777732e2526d2533ca13b204a61c2200a4bab79fcad1ff868dd5ee1c8121e062e077595763c3ad603e8ea95246aa71e5d42cdc926037630848bdae7c579dc38b52f8ffc723229f1a2a862ad53c16c9498a24ead0bcac6f1fa9a6cde5eba065b799ca81c235b45db9d7a3105d219457147a3c2f6c3368aaa1ca4c67499859ba6302034d7ea0c4bde8ad64800d2d674040e9eaa1425844b4bb87aeab8b35edb72288f5f3db38ad3a76a091dd11f45290629054e17126338c9dae77f4def9428f69d28e5c54fb6b1f1fb7d38dd66143d642486306ce4506e9f3e9057ff3885ab2fe9c5dcfffb0a6437442780cd05866a025e425e92d4ac2e6ef1002a2ec3a0b879f32fb39839a93765d5b52cfa22934d1b76b0e1988ba89008d2a3ad4c9c309c1baf1ace63738673c3a41ecc9cff3ee5f90a748f02472910adbad8bac4c8456f44b6d670bcc8a289fc0cb703ff472b63cebdbd836600c9cdbe2b08d975285b645e8d31326d42afbaffbfb6f230336f7889ea620b0bfe3c8748bd116a9c50504d62a8cc0ffffe0dbd53a278fccd0d5c7acf625e7e6717bb8b13c872c5b0bf54cfcaad569e79753b13ef7c9f0f57ee62fa843eac5dfc4b42e552a8aa00732d0117389cb103980d502e63b2dbf8f6e5b9cc9cd49bc55ffec0a4dbdfe1b185db587bc088c369a04496d87dcacccbafef60c2dcd778ec8dff32b05b0c9bdebc8bf4781d9cac1035d0253583ab84b0c68784825ec7e6dded524db7b3908cd05eabf0b6279fdbda137556c2f53a31a4d43919d52b0a804f36e7f3e8038b19386e208b5f9cc3dbcbbfa128330b923330388eb366f1af888f0ae1aaf98bd99169858858065f14c9f41169f44d8946d6e9d975a490f7d76551541ccd034fede44869318fdd7625ef3c7a3373e67f001129a2f269c0a7a7aacf3b46a82ce2f527e632b0471c8fbdb58245ef1f024332e1a94e6eb8b42fe3fac521cb6eb24f55b0fc87931c3d6a67d17f72d9b6ef3d56bd741b9f2fbc91b1b7bd876c0b5773e2a11ae354077b8b959c02bf970febeccc0196b7e600de883c9a76086cefa8d89450c8cd67f2e46e44859929ad76f2c0b31fd36b7c6f56be792b59d945bcf5f12ee8391c8e1ee1cff32fa64762288fbdb6991d5b4b21268ca77f7531375dd59788903356f99f4f19ccedd387f3d2273b58b6b28097dfdfc7d811839836aa3b975cdc9b4d7bcb203a8cc0ab5c019d194e1773e9d804668e4fe5ab6db92cfaf038c4a4307b522c0fcf9d488fc4a8b3f6bae77a3b8b57eee4e997b7b27dbb8367ffbd9905374fe0fe9b47f1e2e2edd0addb197f784f65253d9c2eae0dc487ecc84c475460f1b9a69a37e3c169742117d673395c2083d5455ab488173f51a6e0385dc8a72fdf464c989e8fd6ec8690eee0ac411f6fe0d7b3c652506a63d1d2dd101ec19f6e1dc2ddb3069d25700f037ac4f3cafc9f30f2023d3863b8e3195146e9a9bb2709ef31a9030cd725096409143b7fb9eb4a006e7bfa0b90a3993e369ad77f3be33c8103c44684f0d08d17f3e0dde320dcccdf9764515c65e7f73f1b43486408b86ad58838d580283bc1a8565bd1a84f38ad1cb27b734567b5e6049d9d8abc5ca2a324fa8f180280de5e8e2e3e9add3fe670b2c2c171a7019432b015337e442f0c3a897f2cf91664990b47f5e0a139939b3cbe24492c9a3f0d73b219a7d5c5c61d8719d22b89d49ea960b323c24351b77342451b45f1716be8501258aa193c3895213de359b53d07ac6e627b4bfce3feab9a6dc91f6e1a4ff7be916031b0e8e3b584980d8ce8d7036aacc28350d10bc39bdb2596d31b8a77d768d5d2757322d70357b6e6049d9d476e1ac2e76fcee6eeab7a0290941849b77e3df8e55fd731ea9ea56c3e580009a150213375b48810dab1b708c2addc3573a4570e69fd52639970412ae495b0e5600900e3121591c441d29fa9162a49f59c529a40921adf68649310623b77d3c9e0ace5923e2948127cb7fd2454bbb87a74128951cd7ba7998d120b668e06d9ce8ec3d500dc30a93f545ac5babb27d045af03572826bdabf90bd6f5f809ea22aa2f3437271f8dc8e1d665b9f8a2b33db0424d26c2243744868bcecf2143781450c1e83e31b8dc0a352151a0141315e9f4ea1c3a49222d2102c2642a2c61eaff6a449496e4c9e8c2d99d6d533dba57bdfdb9fb20acdce7354e0791060c61e256292b7782318ed008ef6770a1714630eb309992a975b8e99dea842433e044c4b1878b524ab63c64a766786b8038e002609b2f3b3727f2a6c79a5d1083418f51a7076725c4c689756d59076e176683243229d97520c5834bf6fab88ac30166891a8b1580f0a868a8a914e19b28c221c58367d9091a1e6537785aa55e6feed9513afb757703079375e004bd497424069ce0d66168c1b05a51dc2240a5c6825eafa3dc0ed4860b5ffd5a27549441840183c9c6a491ddbc3e6e1763126d24f2f1be1c3498a9b43a29a8420492b8ad201b45eded30371b0e9c66c48064247b3eb843389c6fe70a2f8ee9722b649faa850a2719c2218ed38e30a8ca819078f10f493923e8bac40df5450b6252ab132593d53feb7ea98b33574705e7cdd4d4b44f75d66ed58f5eaf03879e9c5cd1c326269bc16e65ef89ea332eedcd70f0940d9c0ab2ab0a835ee2abdda570b480904151f48e53187b410ae32e1a4a7a6a0ce3fb267871c5ba243e87e83527f251be1e3818a9b639b962ee3f28298f86c17da0b60c0811f3d6b0483edb5cc0033f856b670de79997b7f2c69abddc7ed500c2cc4d9b3eb6e614b2634f0924a571dde5439165854dbbf2212e4624589424d1932b1e5757b517f6ccb1ddee3321a78a9aaac943dd6b3ab5e860ed990832c593f8417d38b8d45051451d39b85d6032406c3a1bb61fc3e1bc94d9578ce095e547d8bcf714fb4e5b18961ed9e4672bb7bb796f6d36585c5c32762800e972368f2eb88cf117f66474463c062d379c378cf475c7a6441e0df4f2f5c0c188a2280c1eda03cb71057b7e364aa819941a24bb1d6a7564ef3ace893c1bf7ce1acb33ef6de15456117ff9d726fef6e0a4468f99576ee3370bd7e22ab7d0ff8244ba2545b3f8fdb5d41694614a8c865abbe7e4e2a74ecdd7a6873a83193a61a09374e2816374533714379a845baea4c3a4d391a40eb32549c26030a0d3eb011d46bd4c98c9850e1d12a0d7e9309b43703b6be81e66a7ac3a9cbcc22a86f58a2335c949fe7103bffec75a3e7f7c1af151a13484db2d33efd5f5141d28213c55c76d330601f0e803b7b6f29be892f44668b2b2a53b3695e36d12b0a175ed0a4eb24bec646edd49855b87d3a0231c376673148e1a07170e886768ff1e3cbf6c3bcf2dda0a86487e75750a37dd700983bb45d41dc3e556f8f16831bf5eb89ea3c7ace02867f9eb3732b17f3af9b9f91cabd433b07bc4f9e361a9fecf7332af7aa6d9f5779174a046754948183dc79384d025f5cd92c459d15f9224a193241445c6a8ceffdd6e05bd5e6275e6116e79682544c431a63f3c71ef74c6f44f4057afad7b732b59ffcd1e9efce008586b78feaf97f38b29837cbfe81a0093e3e3fa7ed7d29d9a12f9bdc0abad6d5557e6be17be62e98a6c709b08eb15cff8be261213f418747af61fb393755ca6b6b004f445bcf6d81c7e36b95fa09bec351faccbe2378f2f87da2874bde319d2d3cce81e2128b8395ee460db31197b612d48367e397b00cfdd7d59a09b1c0ccc8b8febdb624d36355ccf6845633480571e9a41ff9e99bcf1651605a7f259971b0aa12160b7885e375cc7c041261ebee356a68ded1de8e6b6885ba60c212cd4ccdf966c23fb78317b0b61eff608d09ba0b602222542a20d3c7cfb78ad469cfff0e92669aa27ff08f8596b5aa421282cb7b178d51ef6659761753a08c7455c6a2ac3fb44f2b34b06101dde79bd864baa5dbcfbdd61b20f9ca0a2dc49adc34d6c8c892143d3b875527f9262b4fceb7ee493f8b8be2dd6645322ff0e513f594343a363b0293eae6f8b35d9d4da45978c1fd7d0e8c024fab25353223f3fb4484343239034bc56d90c4d19de5a7cc06baebecb97366868043d5fae7cd31f8769daf3a811b49e5c43a3f3e09385b629c35ba06aef68686834427c5cdf16871836d5935b5bd1160d0d0dffe3530aa8a6446e6fe2350d0d8df6c7bb0405e7a0f5e41a1a9d871607a740d322aff6b1211a1a1a6d834f45169a12799e8f0dd1d0d0681bf27dd9a92991b7bad05a47e4c0b1e24037a14b929995a75dfbd673ca979d9a7286f15ae4078e15b3e7485193ef49898f60f2989ecd1eeb177f5dcdf3f32691102b021b3664e65250daba99c3f8e1e9f4488d0660e263ffe3fe893d99f7b3d175e7f085656bb2cefa4cde5c83e6e8931ecb982169cdbecf9b6b32bc5f1283328417e489fc4ab6ec69fafef0f6fb59f8ef6d4c1ddfbbeed8de60b33bb96fd1662eee17cf0bf32ff77a3f8df3f06974dd94c88f7b7b903d478a98f7c1ee26df337774aa5737d18a43a54cdd96c30d57893ce75f6c3cca929d4d8f52e68e4ee5a2c1c2d5de6273b2ff78d959af8f1f9e7ed6df2f6fcc65d5ee7ce6cf1a5c779e96f2c3fe422e1a7ce66f6faf81a79d9e63d4a74f7aac57e7f6e69a2cba65649d10ad350ebf7d3f7b72ca484b086f91c83f5c9545b6c541f6ce7c6ecacaf3ea41a6d120277dd9a92991eff3b121ad2622acf97cdef5b96870728bc59a6d1137fe87eb8ff2ec3de35b74d3facab9edf4f501e30d2dbd86de121bdeb2e39ec8af64c16759757f3fb924932f9ebbc6dfcdea2a1cf165a7a6e6e4fbf0715daeb564748b69b7736dceb330f1b1fff1d0c2f59494fb5c6eaac3d19ed7b029feb974c7597f6fceb3b021333740ade9f4ecf765a7a67af25a84d0bb44c6d6253bf359b27339cf5e37849ba60d21ac81da651a2d6343666e83d38a3fbeb38df543d35a748d4fe457f2e9fa43ecc92963c5a1d2baff4f488be4d2e1295ed90932b3f2d8b8fb14278baa1b6cd784b448faa44470d1e0e4b3ec38f52929b7b16e5b4ea3e7a86f0bd990995b37b59a3b3a953fdf3eae3576a00ac0a7a76373299977e02791774f8a68fe4dada4a4dc467179c33e3cde0ec7177c96c55b6b8ff0dc1d63bd9aa3b6048b4d0c8c6c7627b979150dbec75fd38663a72bda650ad21836bb93173efeb1c1d7b22d0e566c38ecd574c56677f2e1aaacb386fc206c0e7dd263d9b8fb14dfee29e0a9d54778786a3fee993deabc874766561e4f2ec964739e85096991dc7df520ee9a252ae3586b9c2c5abe8715874ad99c6761739e457d00ec6e5098c5e5d626ed1b8b6e1949cfb4181e796de3590f92253bf319dceb30775e3bb2d9cfdc083b69b4605dd33427f2f5c09dbe1cf85cd212c2fd71980699f7c1ee262f7cdf48132b9f9ae1f55334dbe260f68b9b9890f6a35fe7eb0b3e3bff663d978d8f5fe997f355db7cf29bf01b2b361c66739ea5d1d7177eb19f29637b37f99dd8ec4ee6fd7ddd593db707cf0362cc9034e6df0c6f2ddfcd82cfb2d89353c6e247a6d6bdef447e25539f15d56217dd32b2c107cbf36931ac78e0fc12e04b76e6536efd8e45bf9be2f5a8c362136d2eb33878f6ba215c39ae3739a72b2828ad664aebf2f87defeb8ecd89fc6b44d19d5667bfff70fdd1f3acc9fe62f582cb1ab5d8daeca2f7f465f8ed99affb61a805347e93792829b7b5fa1cbef2fd91521e5ab8deabf7d55f21688892725bb3d6fc6c8b83f7ffbb8ff9378f6df43d8fbcb6b1418137c49dd78ea45ff758fef8ce363664e6d68dc2c2428ccc1d9dca4d570e6cf41e69ea9aaf3854caf5db8f3363a2779974177c96c5cc01f1fce7f16975f75c43c37e1fd8eceb8ecd89bc18d88528b6d66aa2c34d0cecd9f832515e896feef2e1a18d0bd81f73ebf69aaf074ae0f5694ac0169b93ef8f342fbaa7dfddead5b99e5a7d84d9970f6850048dcde79b62f2989eacec934858bdfb212136acd56bf3874f947b5d20bc6fa489e7e74df2f73d520b6cf475e7e6440eb0063f88fca6cbfb7835077b6ab54fab045e33212db2c961645378e6ebf3670d6efecd9d0c6f1d55cef5413897ccac3c96eccce7fe893d797963f376a27f2eddd1e079df5d7da0d97d1ba2a907e589fccabaa1734a7c04497161f44c8b695690278bbc77c69a3f6b705b3cacbfa7150163de887c29f0675f4fd0d128b4d4b66a7fcffa3a34ddeb75456c76274f2ec9ac3380adda9d4fb6a569dbc0929df9dc75acf82c3b84cdeef47a98ee0d5f6d3cc21b2b0f34fa70bf7fa27f0dac6dc067add9d99bb9f65e750b0ab22d0e16dd3292b9a35303dd94a063c586c3145a6aeb2cdcde8e7816bcbee5acbf1b5b79682936bb938716aee7b637b69d27f087a7f6e3c49b3f67f582cb886aa1834f3ba300e75b055b80b706b50f5b7392b6a6a53ee3c3fb25f1c2fccbd9f8f8954c48f329379ec639788c6d8fce195937fc9d39b93f7d239b17505b39c8bcfee9ae46e7f553c7f7262cc4a85ae71b37fe7500b602a75b73006f45fe6fc0d59a1379d6883b12833212f9e2b96bf8f4c14bbcba19351a67d1c73b993920fe2c2b7458889147e78cf46aff173efeb16e25c41f9494dbdadcbed34e7cd4da03782bf293b4725ed09cc1a63d292a3bdb7d75f2989eac7fe1a72cba6564601ad406a4c4b7bdf3918703c78a7979632e7fb8e97cfbec8c89fdbc1a2d6dceb3b062c361c03f0e418d394575321c880eb655b464fd7b616b4fd65168284c332cc4c80d570de1e04bd706dc10939995d7ea5ead773bfaae2f787d0bf74fecd9a8381ffa9977050f177eb1bfee73b7e63b58b626ebbc077927e573c43276ab6889c8b7aa5b5093101bc663775fc2c6c7af64e680f880b4e1c925993cbfe4079ff79f9016e92f078c6659b6268bcd79162e1ddd9d03c78a1bdc92e2c2bc9a0e655b1cbcfee92e007e7ec5009fdbd39c234e27e2357f1cc49b25b4fafc8d560edb3b0b83321259fcc8543664e6f2c777b635bb14e44f668eebc15b6b8ff07bbbd327a78a47e78e6983569d4f49b98d855f88c0a8d92f6ef2cb319f5a7d845ba70f655046220f4fedd7a279f586cc5ce67db09b67af1bc2e4313d9990f6a3573e11feb405f8911dc0b7fe38504b45fe39b01db8d01f27ef0c4c1ed393f543d358b1e170bbf510374d1bc25b6b8f30efefeb5ae4370d6269a8bd92322cfa7827c99166b6beea5d35dd8716aef7ca8bede977b7f2c2fccbb967f6a8f3a2ce1ac3d3833f3cb55f5d10c8a373c7d4f9ad9fcb9e23450cca4824332b8ffb1635ed315a6e0d481cc0d3fe3a504b45ae008f02abfdd58086f07c01ded2904ffcb9ff6bca77b9393cf3f529637bf3f4bb5b5bec6ed992764e19d39d1913fbf1d1a357f2f327ffc7e50f7dce9d3fe9c795e37a373b047ff6ba21ad89726a111e63dba70f5ee2f53e77cd1ae6d5b5abef20b3f891a975c127f5d990994b525c187b8e14f1e1faa3145a6af9f4c14bce8a1c1c33248d4f1fbca4c1919827a8a96fa489f9b30637f9005f71a8b4bde30a0e203a54bfd05291837073fd16b8d4f38fe1fd929ab54c7b6bed9d90167956baa65913fbf8e459d6d83ef74fece9759aa573f1f841dfa4862ed6c79b6bd0108db5b3476a34eb5ff8292b361ce6c3f5471b8d5ef3c453df3a7d689337a1bfbe9fee4911a4c44760ad7172ffc49e2d0ac71d9491c87b778ff52a42ce5a7366087de7b523f9e9a5fdf9fcdbc3ec3f5ec6929df9cc7e71137d234d5cdc2f9ebbaf1ec46517f66a70c4e3f167fffcdbc36cce2a60c5a15226a44532ba4f1c63062537badfb914975b49880d233136bcc96b39bc5f52b3c7f282a71181617ea1a95a684ded3702c8c4b787445060b33b2929b7b59b810bcecf341bc878718d366317308646441e1fd7b7c507f455e42096d47ed3e2336a686834c515c0bac65ef445e4ad89137f0cad008386863f59411302f795d60cb7ab8007804f3cffb8e6eabb5add200d8d60e6cb956f36f6921df85d5b9cb3b5195f3e05def347433434ba384f0087dbe2c0ad99937b8802f6001d3e285743a383f223c2f7a459af9cf69e937ba8026e07dc7e3896864657c3894896da666e77fe10398875f387fd742c0d8daec46388e5e836c35f2207e1d7fea91f8fa7a111ec7c0d3cd7d627f1a7c815e01708973c0d0d8da629046ec58f9e6d8de14f910358806bf0430cac864610e3006e040adae364fe163940363013088aa87d0d8d36e041fc1446ea0d6d2172801f80396816770d8d737915f8577b9eb0ad440ef0257017ed30e7d0d0e824ac2300f11e6d297280c5c0ddf8588d51432388f80161af6af734346d2d7280b7817bd084aed175c9228076aaf61039c09b881e5d9ba36b74350e015711c015a7f61239c05b886583d61523d3d0e83cec4764506a550594d6d29e220711963a0de1efaea111ccec012ea39dd6c29ba2bd450ef00d3019381580736b68b407db81cb819615e96b2302217280ddc058ba40b1068d2ec71a84c0fd577bb995044ae400f988e1cc9200b64143c39fbc85b0a29f5f872b800452e42052dedc06cca7955553353402880bf82dc2f9abc3956309b4c83dfc1331c409a8155243c3074a80a9c00b816e4863741491036c44e473ff32d00dd1d0f0929d881ce97ecfb0ea4f3a92c841182b7e8af0906bbe529d864660501081261380dc00b7a5593a9ac8415cc03710bdfa8600b74543e35c4a101dd13c844da9c3d31145ee2107314f9f8f169baed131f89a4e38a5ecc8220711a6fa4f6008b032b04dd1e8c25422a69057d209ab067574917b388e587fbc0e3819d8a6687431be028622a6909d3292b2b388dcc3726030f077449e2c0d8db6220f115075359ddc05bbb3891c8437d1ef1143f8e574d2a7ab4687c58148933c005816e0b6f885ce28720fd988e1fbc5c0a600b74523385885189a2fa083b9a6b686ce2c720f5b818988c0fc2d016e8b46e7642b22ee7b3a7024b04df13fc120720fff43f4ea3310a17e1a1acdb19f33a3c1a0f5c90826917bf82f228cf52788754d0d8d73d98b48193e8c2e60d70946917bf81a21f451c08768516e1ab00d98857068594a1749171ecc22f7b01bb819e8033c8da841a5d17590118e5497031721bcd582bae73e97ae20720f2710e5957b20866a9a453eb8a9045e0406211ca9be096c730287a4280d3fd44acbb2dbb9290161102269c5ad405a80dba2e11fbe47a400ff84205a06f3101fd7b7c5fb7475917bd023e6efb720acada1816d8e460b2902de47a45f3a18e0b6b429be88dcd006ede88cb881d5ea168e7065bc1eb16e1a16c07669344e39c232be14588f56b8a351b49ebc69c211429f8de8e9e302db9c2e4f296289f4634456d42e17bfa00dd7db163d2213c83484c3cdb0c036a7cb7018f8025881986f77e91e5b1379fbd20db12c7339c225b257201b13445400df223c18d7226214345434910796de08b15f82f0b81b4cd75aa2f4950244ccc126846be96eba786fdd149ac83b165108b18f032e440cef7b07b44581a71a51236c0742d85b1169be34bc441379c72706188e70ab1c010c04fa0389016c535be04488f72022086417a287cea68bb892b615da125ac7a702f84eddea130bf443242ae88398dfa703dd111e7a21edd642efa9407811e6aadb098491ec20708c0e5849a4aba289bc63508e089ed8d6c8eb49400aa2c74f0612ea6d7188a5be70c414214afdbdbe434f1860aef7b71da8a9f777356055b772f5ef6a84908b1169880beafd7e0a2d2f7ea7e1ff014369558d8fc5de630000000049454e44ae426082, 'Alquiler de vehículos');

-- --------------------------------------------------------

--
-- Estructura de tabla para la tabla `estado`
--

CREATE TABLE `estado` (
  `codestado` varchar(10) NOT NULL,
  `estado` varchar(20) NOT NULL
) ENGINE=InnoDB DEFAULT CHARSET=utf8mb4;

--
-- Volcado de datos para la tabla `estado`
--

INSERT INTO `estado` (`codestado`, `estado`) VALUES
('des_002', 'desocupado'),
('mal_004', 'malogrado'),
('man_003', 'mantenimiento'),
('ocu_001', 'ocupado');

-- --------------------------------------------------------

--
-- Estructura de tabla para la tabla `factura`
--

CREATE TABLE `factura` (
  `codfactura` varchar(20) NOT NULL,
  `IDcliente_1` varchar(5) NOT NULL,
  `forma_pago_1` varchar(10) NOT NULL,
  `fecha` date NOT NULL,
  `monto` double NOT NULL
) ENGINE=InnoDB DEFAULT CHARSET=utf8mb4;

--
-- Volcado de datos para la tabla `factura`
--

INSERT INTO `factura` (`codfactura`, `IDcliente_1`, `forma_pago_1`, `fecha`, `monto`) VALUES
('f0001', 'c0001', '01-ef', '2021-09-23', 150),
('f0002', 'c0003', '01-ef', '2021-09-24', 200),
('f0003', 'c0002', '01-ef', '2021-09-24', 80),
('f0004', 'c0004', '02-ta', '2021-09-26', 300),
('f0005', 'c0005', '02-ta', '2021-09-28', 300),
('f0006', 'c0006', '01-ef', '2021-09-30', 60),
('f0007', 'c0007', '02-ta', '2021-10-02', 400),
('f0008', 'c0007', '02-ta', '2021-09-29', 310),
('f0009', 'c0009', '02-ta', '2021-10-08', 70),
('f0010', 'c0010', '02-ta', '2021-10-14', 310),
('f0011', 'c0002', '01-ef', '2021-10-26', 80);

-- --------------------------------------------------------

--
-- Estructura de tabla para la tabla `forma de pago`
--

CREATE TABLE `forma de pago` (
  `codpago` varchar(10) NOT NULL,
  `tipo de pago` varchar(20) NOT NULL
) ENGINE=InnoDB DEFAULT CHARSET=utf8mb4;

--
-- Volcado de datos para la tabla `forma de pago`
--

INSERT INTO `forma de pago` (`codpago`, `tipo de pago`) VALUES
('01-ef', 'efectivo'),
('02-ta', 'tarjeta');

-- --------------------------------------------------------

--
-- Estructura de tabla para la tabla `salario`
--

CREATE TABLE `salario` (
  `IDsalario` char(10) NOT NULL,
  `horastrabajo` time NOT NULL,
  `horasextras` time NOT NULL,
  `turno` varchar(15) NOT NULL,
  `remuneracion` double NOT NULL
) ENGINE=InnoDB DEFAULT CHARSET=utf8mb4;

--
-- Volcado de datos para la tabla `salario`
--

INSERT INTO `salario` (`IDsalario`, `horastrabajo`, `horasextras`, `turno`, `remuneracion`) VALUES
('1', '04:00:00', '00:00:00', 'mañana', 10000),
('2', '08:00:00', '04:00:00', 'mañana-tarde', 3000),
('3', '08:00:00', '04:00:00', 'mañana-tarde-no', 2400),
('4', '08:00:00', '00:00:00', 'mañana-tarde', 930);

-- --------------------------------------------------------

--
-- Estructura de tabla para la tabla `tipo de cliente`
--

CREATE TABLE `tipo de cliente` (
  `cod_tipo` varchar(8) NOT NULL,
  `tipocliente` varchar(40) NOT NULL
) ENGINE=InnoDB DEFAULT CHARSET=utf8mb4;

--
-- Volcado de datos para la tabla `tipo de cliente`
--

INSERT INTO `tipo de cliente` (`cod_tipo`, `tipocliente`) VALUES
('1', 'premiun'),
('2', 'normal');

-- --------------------------------------------------------

--
-- Estructura de tabla para la tabla `tipo_vehiculo`
--

CREATE TABLE `tipo_vehiculo` (
  `cod_tipo` varchar(10) NOT NULL,
  `tipo` varchar(20) NOT NULL,
  `precio` double NOT NULL
) ENGINE=InnoDB DEFAULT CHARSET=utf8mb4;

--
-- Volcado de datos para la tabla `tipo_vehiculo`
--

INSERT INTO `tipo_vehiculo` (`cod_tipo`, `tipo`, `precio`) VALUES
('001-fam', 'familiar', 150),
('002-4x4', 'camioneta', 200),
('003-au', 'automóvil', 80),
('004-fu', 'furgoneta', 250),
('005-co', 'combi', 300),
('005-kc', 'kit car', 60),
('006-cc', 'camión de carga', 400),
('007-cp', 'cámper', 310),
('008-ab', 'automóvil blindado', 70);

-- --------------------------------------------------------

--
-- Estructura de tabla para la tabla `vehiculo`
--

CREATE TABLE `vehiculo` (
  `placa` varchar(10) NOT NULL,
  `codestado_1` varchar(18) NOT NULL,
  `tipo_vehiculo` varchar(10) NOT NULL,
  `asientos` int(11) NOT NULL,
  `marca` varchar(20) NOT NULL,
  `color` varchar(10) NOT NULL
) ENGINE=InnoDB DEFAULT CHARSET=utf8mb4;

--
-- Volcado de datos para la tabla `vehiculo`
--

INSERT INTO `vehiculo` (`placa`, `codestado_1`, `tipo_vehiculo`, `asientos`, `marca`, `color`) VALUES
('ASDF-43', 'des_002', '003-au', 5, 'Nissan', 'negro'),
('CFKT-74', 'des_002', '003-au', 2, 'Nissan', 'negro'),
('CFUH-100', 'des_002', '003-au', 5, 'Tesla', 'negro'),
('EDCVF-5', 'mal_004', '006-cc', 3, 'Hino', 'blanco'),
('HYTR-34', 'ocu_001', '001-fam', 6, 'Toyota', 'rojo'),
('MNBV-54', 'des_002', '002-4x4', 4, 'Toyota', 'negro'),
('NCHR-00', 'ocu_001', '001-fam', 6, 'Mitsubishi', 'azul'),
('OPLD-45', 'des_002', '001-fam', 7, 'Suzuki', 'beige'),
('QWER-45', 'des_002', '002-4x4', 4, 'Toyota', 'blanca'),
('THBG-11', 'des_002', '003-au', 5, 'Audi', 'amarillo'),
('THMG-98', 'man_003', '005-kc', 2, 'Ford', 'azul'),
('XDLM-56', 'des_002', '004-fu', 6, 'Honda', 'azul');

--
-- Índices para tablas volcadas
--

--
-- Indices de la tabla `cargo`
--
ALTER TABLE `cargo`
  ADD PRIMARY KEY (`IDcargo`);

--
-- Indices de la tabla `cliente`
--
ALTER TABLE `cliente`
  ADD PRIMARY KEY (`IDcliente`) USING BTREE,
  ADD KEY `IDempleado_1` (`IDempleado_1`),
  ADD KEY `tipo de cliente` (`tipo_de_cliente`);

--
-- Indices de la tabla `clientes-vehiculo`
--
ALTER TABLE `clientes-vehiculo`
  ADD KEY `DNIcliente_2` (`IDcliente_2`),
  ADD KEY `placa` (`placa_1`);

--
-- Indices de la tabla `detalle de factura`
--
ALTER TABLE `detalle de factura`
  ADD PRIMARY KEY (`codfactura`);

--
-- Indices de la tabla `empleado`
--
ALTER TABLE `empleado`
  ADD PRIMARY KEY (`IDempleado`),
  ADD KEY `IDcargo_1` (`IDcargo_1`),
  ADD KEY `IDsalario_1` (`IDsalario_1`);

--
-- Indices de la tabla `empresa`
--
ALTER TABLE `empresa`
  ADD PRIMARY KEY (`id`);

--
-- Indices de la tabla `estado`
--
ALTER TABLE `estado`
  ADD PRIMARY KEY (`codestado`);

--
-- Indices de la tabla `factura`
--
ALTER TABLE `factura`
  ADD PRIMARY KEY (`codfactura`),
  ADD KEY `DNIcliente_1` (`IDcliente_1`),
  ADD KEY `codpago_1` (`forma_pago_1`);

--
-- Indices de la tabla `forma de pago`
--
ALTER TABLE `forma de pago`
  ADD PRIMARY KEY (`codpago`);

--
-- Indices de la tabla `salario`
--
ALTER TABLE `salario`
  ADD PRIMARY KEY (`IDsalario`);

--
-- Indices de la tabla `tipo de cliente`
--
ALTER TABLE `tipo de cliente`
  ADD PRIMARY KEY (`cod_tipo`);

--
-- Indices de la tabla `tipo_vehiculo`
--
ALTER TABLE `tipo_vehiculo`
  ADD PRIMARY KEY (`cod_tipo`);

--
-- Indices de la tabla `vehiculo`
--
ALTER TABLE `vehiculo`
  ADD PRIMARY KEY (`placa`),
  ADD KEY `codestado` (`codestado_1`),
  ADD KEY `tipo_vehiculo` (`tipo_vehiculo`);

--
-- Restricciones para tablas volcadas
--

--
-- Filtros para la tabla `cliente`
--
ALTER TABLE `cliente`
  ADD CONSTRAINT `cliente_ibfk_3` FOREIGN KEY (`tipo_de_cliente`) REFERENCES `tipo de cliente` (`cod_tipo`) ON DELETE CASCADE ON UPDATE CASCADE,
  ADD CONSTRAINT `cliente_ibfk_4` FOREIGN KEY (`IDempleado_1`) REFERENCES `empleado` (`IDempleado`) ON DELETE CASCADE ON UPDATE CASCADE;

--
-- Filtros para la tabla `clientes-vehiculo`
--
ALTER TABLE `clientes-vehiculo`
  ADD CONSTRAINT `clientes-vehiculo_ibfk_2` FOREIGN KEY (`placa_1`) REFERENCES `vehiculo` (`placa`) ON DELETE CASCADE ON UPDATE CASCADE,
  ADD CONSTRAINT `clientes-vehiculo_ibfk_3` FOREIGN KEY (`IDcliente_2`) REFERENCES `cliente` (`IDcliente`) ON DELETE CASCADE ON UPDATE CASCADE;

--
-- Filtros para la tabla `detalle de factura`
--
ALTER TABLE `detalle de factura`
  ADD CONSTRAINT `detalle de factura_ibfk_1` FOREIGN KEY (`codfactura`) REFERENCES `factura` (`codfactura`) ON DELETE CASCADE ON UPDATE CASCADE;

--
-- Filtros para la tabla `empleado`
--
ALTER TABLE `empleado`
  ADD CONSTRAINT `empleado_ibfk_1` FOREIGN KEY (`IDcargo_1`) REFERENCES `cargo` (`IDcargo`) ON DELETE CASCADE ON UPDATE CASCADE,
  ADD CONSTRAINT `empleado_ibfk_2` FOREIGN KEY (`IDsalario_1`) REFERENCES `salario` (`IDsalario`) ON DELETE CASCADE ON UPDATE CASCADE;

--
-- Filtros para la tabla `factura`
--
ALTER TABLE `factura`
  ADD CONSTRAINT `factura_ibfk_4` FOREIGN KEY (`forma_pago_1`) REFERENCES `forma de pago` (`codpago`) ON DELETE CASCADE ON UPDATE CASCADE,
  ADD CONSTRAINT `factura_ibfk_5` FOREIGN KEY (`IDcliente_1`) REFERENCES `cliente` (`IDcliente`) ON DELETE CASCADE ON UPDATE CASCADE;

--
-- Filtros para la tabla `vehiculo`
--
ALTER TABLE `vehiculo`
  ADD CONSTRAINT `vehiculo_ibfk_1` FOREIGN KEY (`codestado_1`) REFERENCES `estado` (`codestado`) ON DELETE CASCADE ON UPDATE CASCADE,
  ADD CONSTRAINT `vehiculo_ibfk_2` FOREIGN KEY (`tipo_vehiculo`) REFERENCES `tipo_vehiculo` (`cod_tipo`) ON DELETE CASCADE ON UPDATE CASCADE;
COMMIT;

/*!40101 SET CHARACTER_SET_CLIENT=@OLD_CHARACTER_SET_CLIENT */;
/*!40101 SET CHARACTER_SET_RESULTS=@OLD_CHARACTER_SET_RESULTS */;
/*!40101 SET COLLATION_CONNECTION=@OLD_COLLATION_CONNECTION */;
